{
    "weights": [
        0.23589781403170929,
        0.35925197288594646,
        0.06784836661291534,
        -0.0062053549621810715
    ],
    "weights_norm": 0.4351455687119322
}