{
    "weights": [
        0.3004964361170527,
        0.3713664946343227,
        0.3552394385203119,
        -0.03927870215054995
    ],
    "weights_norm": 0.5966146633958074
}