{
    "weights": [
        0.32657164674070177,
        0.44090032326534695,
        0.35801782578358826,
        -0.00744562388697396
    ],
    "weights_norm": 0.655190305487112
}