{
    "weights": [
        0.29946032494068947,
        0.3742749411195649,
        0.29565116238309935,
        -0.02564990693656888
    ],
    "weights_norm": 0.5637603615969905
}