{
    "weights": [
        0.28349510561260066,
        0.377896196777635,
        0.29211654322700514,
        -0.027188032767897146
    ],
    "weights_norm": 0.556099158781942
}